{
    "paths": {},
    "uuids": [
        "02delMVqdBD70a/HSD99FK",
        "07tq66pMVBaYr9XHT+rsNa",
        "08Y/z/fR9BJJY1m3d3ZCUc",
        "0avclNWU1IXbXp047gai+l",
        "0bDcIUEBBK9pxO4OnaFvlC",
        "11zvSZGfVNJ6n12H1kDUaF",
        "202m5ln55GRY/++4qIKwEx",
        "23tYSyWghNfrfsddt8JbW+",
        "29FYIk+N1GYaeWH/q1NxQO",
        "2dozQJSJZDPovtR4Bwun7r",
        "37L5s6IYxK5r0vE+i5LdP7",
        "3fztd9MAREEr2DqaN/OHxs",
        "45fWnoZOBK7LovlxdUKdiW",
        "47LfXTNedBhJ5sf0G+5l7j",
        "4ejwdkCF5GfLEFz+m4Sxwg",
        "5cF48aEN1Gkbxah7pDphf0",
        "5ezbFim2RBk50NOEd4sNEp",
        "71VhFCTINJM6/Ky3oX9nBT",
        "7316VJDAlC3p/uIBlYEX99",
        "75auS9GvJDPJlpa18VA5cr",
        "78aO3iXCZBmYipqIYsBdJK",
        "79juQU1idI5Ys2VnSmMKP/",
        "7b1JgGZLhBDo64f+iTWlJw",
        "9aV+xDiFpJGr0Rw/l75Qte",
        "a2MjXRFdtLlYQ5ouAFv/+R",
        "a7gE/65G1BwJ1uvi0udfX2",
        "abXE5TINtO0ZMZmMfZe+Qq",
        "aeJ+QIlApPvLAVmuWgDUW/",
        "afxBEyT4JCRIXUWPj7Rlf3",
        "b17i1XohBLDYiq8VI1q3U0",
        "b2aHrECZ5APKGS/0d2hvT1",
        "b4M1sFs8xMQ4e1jRdA25i+",
        "b4P/PCArtIdIH38t6mlw8Y",
        "c1aBl421BDCaxb3KU5yITA",
        "c5Uq1Upg1GvKONkfCn8lan",
        "c623nbluZP+YmwZ3SUP1kX",
        "c8v7NpP6lLm6Oo8rYp7ce7",
        "caVQl3TzxEf5wvGHXU6BTZ",
        "d0qC05vt5GxLaYyB/w3t//",
        "d4NHhy2ZBHoqYSARPd9Gn+",
        "d4SctoPehEkKHg0B28iGDe",
        "d4mUvS22VFI7kOxsmxdmf8",
        "d6jJq+a69GDIQDVCwkWQsf",
        "d7z23O0LdN4IrvW1bNAOwa",
        "ddxxiNGyNBAJ9ObOlmXHKD",
        "de0RXxHfhIiLjCPX1bxRg5",
        "e8Ueib+qJEhL6mXAHdnwbi",
        "e97GVMl6JHh5Ml5qEDdSGa",
        "ecpdLyjvZBwrvm+cedCcQy",
        "f0BIwQ8D5Ml7nTNQbh1YlS",
        "f5YcfBh+BEfpa1SsU0XXGC",
        "f9RlOkXERFWo+eQwiuXUq3"
    ],
    "scenes": {
        "db://assets/scene/main.fire": "de0RXxHfhIiLjCPX1bxRg5",
        "db://assets/scene/Title.fire": "45fWnoZOBK7LovlxdUKdiW"
    },
    "redirect": [
        "02delMVqdBD70a/HSD99FK",
        0,
        "ecpdLyjvZBwrvm+cedCcQy",
        0
    ],
    "deps": [
        "internal"
    ],
    "packs": {
        "0af5c3e4b": [
            "08Y/z/fR9BJJY1m3d3ZCUc",
            "202m5ln55GRY/++4qIKwEx",
            "23tYSyWghNfrfsddt8JbW+",
            "2dozQJSJZDPovtR4Bwun7r",
            "4ejwdkCF5GfLEFz+m4Sxwg",
            "5cF48aEN1Gkbxah7pDphf0",
            "5ezbFim2RBk50NOEd4sNEp",
            "71VhFCTINJM6/Ky3oX9nBT",
            "78aO3iXCZBmYipqIYsBdJK",
            "7b1JgGZLhBDo64f+iTWlJw",
            "9aV+xDiFpJGr0Rw/l75Qte",
            "aeJ+QIlApPvLAVmuWgDUW/",
            "b4M1sFs8xMQ4e1jRdA25i+",
            "b4P/PCArtIdIH38t6mlw8Y",
            "c5Uq1Upg1GvKONkfCn8lan",
            "caVQl3TzxEf5wvGHXU6BTZ",
            "d0qC05vt5GxLaYyB/w3t//",
            "ddxxiNGyNBAJ9ObOlmXHKD",
            "e8Ueib+qJEhL6mXAHdnwbi",
            "f9RlOkXERFWo+eQwiuXUq3"
        ]
    },
    "name": "main",
    "importBase": "import",
    "nativeBase": "native",
    "debug": true,
    "isZip": false,
    "encrypted": false,
    "versions": {
        "import": [
            "07tq66pMVBaYr9XHT+rsNa",
            "93afd",
            "0avclNWU1IXbXp047gai+l",
            "78220",
            "0af5c3e4b",
            "9cd54",
            "0bDcIUEBBK9pxO4OnaFvlC",
            "2ceb7",
            "11zvSZGfVNJ6n12H1kDUaF",
            "88e72",
            "29FYIk+N1GYaeWH/q1NxQO",
            "22d68",
            "37L5s6IYxK5r0vE+i5LdP7",
            "ed7d8",
            "3fztd9MAREEr2DqaN/OHxs",
            "1d6f4",
            "45fWnoZOBK7LovlxdUKdiW",
            "27e6a",
            "47LfXTNedBhJ5sf0G+5l7j",
            "dd067",
            "7316VJDAlC3p/uIBlYEX99",
            "93ba7",
            "75auS9GvJDPJlpa18VA5cr",
            "13737",
            "79juQU1idI5Ys2VnSmMKP/",
            "07668",
            "a2MjXRFdtLlYQ5ouAFv/+R",
            "1ce52",
            "a7gE/65G1BwJ1uvi0udfX2",
            "25bba",
            "abXE5TINtO0ZMZmMfZe+Qq",
            "e0026",
            "afxBEyT4JCRIXUWPj7Rlf3",
            "77e58",
            "b17i1XohBLDYiq8VI1q3U0",
            "dbe02",
            "b2aHrECZ5APKGS/0d2hvT1",
            "b9087",
            "c1aBl421BDCaxb3KU5yITA",
            "61e51",
            "c623nbluZP+YmwZ3SUP1kX",
            "3b84d",
            "c8v7NpP6lLm6Oo8rYp7ce7",
            "2fca4",
            "d4NHhy2ZBHoqYSARPd9Gn+",
            "34421",
            "d4SctoPehEkKHg0B28iGDe",
            "c1b10",
            "d4mUvS22VFI7kOxsmxdmf8",
            "5e0d7",
            "d6jJq+a69GDIQDVCwkWQsf",
            "dbd2e",
            "d7z23O0LdN4IrvW1bNAOwa",
            "a5253",
            "de0RXxHfhIiLjCPX1bxRg5",
            "6ffba",
            "e97GVMl6JHh5Ml5qEDdSGa",
            "a358a",
            "f0BIwQ8D5Ml7nTNQbh1YlS",
            "04143",
            "f5YcfBh+BEfpa1SsU0XXGC",
            "6a85e"
        ],
        "native": [
            "07tq66pMVBaYr9XHT+rsNa",
            "33b12",
            "08Y/z/fR9BJJY1m3d3ZCUc",
            "3cef7",
            "202m5ln55GRY/++4qIKwEx",
            "53b8f",
            "23tYSyWghNfrfsddt8JbW+",
            "960c3",
            "2dozQJSJZDPovtR4Bwun7r",
            "55d3c",
            "4ejwdkCF5GfLEFz+m4Sxwg",
            "23e91",
            "5cF48aEN1Gkbxah7pDphf0",
            "baeb1",
            "5ezbFim2RBk50NOEd4sNEp",
            "aec89",
            "71VhFCTINJM6/Ky3oX9nBT",
            "c06a9",
            "7316VJDAlC3p/uIBlYEX99",
            "04bf6",
            "78aO3iXCZBmYipqIYsBdJK",
            "470f3",
            "7b1JgGZLhBDo64f+iTWlJw",
            "e2111",
            "9aV+xDiFpJGr0Rw/l75Qte",
            "20113",
            "aeJ+QIlApPvLAVmuWgDUW/",
            "3646d",
            "afxBEyT4JCRIXUWPj7Rlf3",
            "dff94",
            "b2aHrECZ5APKGS/0d2hvT1",
            "2bf0b",
            "b4M1sFs8xMQ4e1jRdA25i+",
            "f1f99",
            "b4P/PCArtIdIH38t6mlw8Y",
            "83fcc",
            "c5Uq1Upg1GvKONkfCn8lan",
            "6bfe2",
            "c623nbluZP+YmwZ3SUP1kX",
            "b3b1b",
            "caVQl3TzxEf5wvGHXU6BTZ",
            "61b0c",
            "d0qC05vt5GxLaYyB/w3t//",
            "841f5",
            "d7z23O0LdN4IrvW1bNAOwa",
            "95bae",
            "ddxxiNGyNBAJ9ObOlmXHKD",
            "f8cf5",
            "e8Ueib+qJEhL6mXAHdnwbi",
            "90cf4",
            "f5YcfBh+BEfpa1SsU0XXGC",
            "42eb4",
            "f9RlOkXERFWo+eQwiuXUq3",
            "17846"
        ]
    }
}